Nome do Colaborador,Email,Usuários,Senhas,IP,MAC Address
João Silva,joao.silva@email.com,joao_silva,senha1234,192.168.1.1,00:1A:2B:3C:4D:5E
Maria Oliveira,maria.oliveira@email.com,maria_oliveira,senha5678,192.168.1.2,00:1A:2B:3C:4D:5F
Pedro Santos,pedro.santos@email.com,pedro_santos,senha9101,192.168.1.3,00:1A:2B:3C:4D:5G
Ana Costa,ana.costa@email.com,ana_costa,senha1122,192.168.1.4,00:1A:2B:3C:4D:5H
Carlos Almeida,carlos.almeida@email.com,carlos_almeida,senha3344,192.168.1.5,00:1A:2B:3C:4D:5I
Lucas Pereira,lucas.pereira@email.com,lucas_pereira,senha5566,192.168.1.6,00:1A:2B:3C:4D:5J
Laura Martins,laura.martins@email.com,laura_martins,senha7788,192.168.1.7,00:1A:2B:3C:4D:5K
Juliana Costa,juliana.costa@email.com,juliana_costa,senha9900,192.168.1.8,00:1A:2B:3C:4D:5L
Ricardo Silva,ricardo.silva@email.com,ricardo_silva,senha2233,192.168.1.9,00:1A:2B:3C:4D:5M
Patricia Lima,patricia.lima@email.com,patricia_lima,senha4455,192.168.1.10,00:1A:2B:3C:4D:5N
Eduardo Oliveira,eduardo.oliveira@email.com,eduardo_oliveira,senha6677,192.168.1.11,00:1A:2B:3C:4D:5O
Renata Ferreira,renata.ferreira@email.com,renata_ferreira,senha8899,192.168.1.12,00:1A:2B:3C:4D:5P
Gabriel Santos,gabriel.santos@email.com,gabriel_santos,senha1122,192.168.1.13,00:1A:2B:3C:4D:5Q
Mariana Almeida,mariana.almeida@email.com,mariana_almeida,senha3344,192.168.1.14,00:1A:2B:3C:4D:5R
Fernando Costa,fernando.costa@email.com,fernando_costa,senha5566,192.168.1.15,00:1A:2B:3C:4D:5S
Isabela Silva,isabela.silva@email.com,isabela_silva,senha7788,192.168.1.16,00:1A:2B:3C:4D:5T
André Oliveira,andre.oliveira@email.com,andre_oliveira,senha9900,192.168.1.17,00:1A:2B:3C:4D:5U
Cíntia Martins,cintia.martins@email.com,cintia_martins,senha2233,192.168.1.18,00:1A:2B:3C:4D:5V
Marcos Pereira,marcos.pereira@email.com,marcos_pereira,senha4455,192.168.1.19,00:1A:2B:3C:4D:5W
Letícia Almeida,leticia.almeida@email.com,leticia_almeida,senha6677,192.168.1.20,00:1A:2B:3C:4D:5X
Lucas Fernandes,lucas.fernandes@email.com,lucas_fernandes,senha8899,192.168.1.21,00:1A:2B:3C:4D:5Y
Júlia Lima,julia.lima@email.com,julia_lima,senha1122,192.168.1.22,00:1A:2B:3C:4D:5Z
Bruno Costa,bruno.costa@email.com,bruno_costa,senha3344,192.168.1.23,00:1A:2B:3C:4D:6A
Aline Santos,aline.santos@email.com,aline_santos,senha5566,192.168.1.24,00:1A:2B:3C:4D:6B
Eduarda Ferreira,eduarda.ferreira@email.com,eduarda_ferreira,senha7788,192.168.1.25,00:1A:2B:3C:4D:6C
Victor Almeida,victor.almeida@email.com,victor_almeida,senha9900,192.168.1.26,00:1A:2B:3C:4D:6D
Sofia Martins,sofia.martins@email.com,sofia_martins,senha2233,192.168.1.27,00:1A:2B:3C:4D:6E
Felipe Silva,felipe.silva@email.com,felipe_silva,senha4455,192.168.1.28,00:1A:2B:3C:4D:6F
Camila Pereira,camila.pereira@email.com,camila_pereira,senha6677,192.168.1.29,00:1A:2B:3C:4D:6G
Matheus Oliveira,matheus.oliveira@email.com,matheus_oliveira,senha8899,192.168.1.30,00:1A:2B:3C:4D:6H
Vanessa Almeida,vanessa.almeida@email.com,vanessa_almeida,senha1122,192.168.1.31,00:1A:2B:3C:4D:6I
Rafael Costa,rafael.costa@email.com,rafael_costa,senha3344,192.168.1.32,00:1A:2B:3C:4D:6J
Juliana Pereira,juliana.pereira@email.com,juliana_pereira,senha5566,192.168.1.33,00:1A:2B:3C:4D:6K
Felipe Santos,felipe.santos@email.com,felipe_santos,senha7788,192.168.1.34,00:1A:2B:3C:4D:6L
Gabriela Lima,gabriela.lima@email.com,gabriela_lima,senha9900,192.168.1.35,00:1A:2B:3C:4D:6M
Paulo Silva,paulo.silva@email.com,paulo_silva,senha2233,192.168.1.36,00:1A:2B:3C:4D:6N
Tatiane Ferreira,tatiane.ferreira@email.com,tatiane_ferreira,senha4455,192.168.1.37,00:1A:2B:3C:4D:6O
Leonardo Costa,leonardo.costa@email.com,leonardo_costa,senha6677,192.168.1.38,00:1A:2B:3C:4D:6P
Letícia Santos,leticia.santos@email.com,leticia_santos,senha8899,192.168.1.39,00:1A:2B:3C:4D:6Q
Joana Almeida,joana.almeida@email.com,joana_almeida,senha1122,192.168.1.40,00:1A:2B:3C:4D:6R
Marcelo Pereira,marcelo.pereira@email.com,marcelo_pereira,senha3344,192.168.1.41,00:1A:2B:3C:4D:6S
Sabrina Martins,sabrina.martins@email.com,sabrina_martins,senha5566,192.168.1.42,00:1A:2B:3C:4D:6T
Vítor Almeida,vitor.almeida@email.com,vitor_almeida,senha7788,192.168.1.43,00:1A:2B:3C:4D:6U
Lívia Costa,livia.costa@email.com,livia_costa,senha9900,192.168.1.44,00:1A:2B:3C:4D:6V
Jorge Ferreira,jorge.ferreira@email.com,jorge_ferreira,senha2233,192.168.1.45,00:1A:2B:3C:4D:6W
Bianca Almeida,bianca.almeida@email.com,bianca_almeida,senha4455,192.168.1.46,00:1A:2B:3C:4D:6X
Rogério Costa,rogerio.costa@email.com,rogerio_costa,senha6677,192.168.1.47,00:1A:2B:3C:4D:6Y
Talita Silva,talita.silva@email.com,talita_silva,senha8899,192.168.1.48,00:1A:2B:3C:4D:6Z
Cláudia Martins,claudia.martins@email.com,claudia_martins,senha1122,192.168.1.49,00:1A:2B:3C:4D:7A
Thiago Pereira,thiago.pereira@email.com,thiago_pereira,senha3344,192.168.1.50,00:1A:2B:3C:4D:7B
Marina Silva,marina.silva@email.com,marina_silva,senha5566,192.168.1.51,00:1A:2B:3C:4D:7C
Fabiana Costa,fabiana.costa@email.com,fabiana_costa,senha7788,192.168.1.52,00:1A:2B:3C:4D:7D
Gustavo Almeida,gustavo.almeida@email.com,gustavo_almeida,senha9900,192.168.1.53,00:1A:2B:3C:4D:7E
Samantha Pereira,samantha.pereira@email.com,samantha_pereira,senha2233,192.168.1.54,00:1A:2B:3C:4D:7F
Marcela Silva,marcela.silva@email.com,marcela_silva,senha4455,192.168.1.55,00:1A:2B:3C:4D:7G
Roberto Costa,roberto.costa@email.com,roberto_costa,senha6677,192.168.1.56,00:1A:2B:3C:4D:7H
Larissa Almeida,larissa.almeida@email.com,larissa_almeida,senha8899,192.168.1.57,00:1A:2B:3C:4D:7I
Rafael Lima,rafael.lima@email.com,rafael_lima,senha1122,192.168.1.58,00:1A:2B:3C:4D:7J
Evelyn Costa,evelyn.costa@email.com,evelyn_costa,senha3344,192.168.1.59,00:1A:2B:3C:4D:7K
Pedro Ferreira,pedro.ferreira@email.com,pedro_ferreira,senha5566,192.168.1.60,00:1A:2B:3C:4D:7L
Michele Almeida,michele.almeida@email.com,michele_almeida,senha7788,192.168.1.61,00:1A:2B:3C:4D:7M
Cláudio Silva,claudio.silva@email.com,claudio_silva,senha9900,192.168.1.62,00:1A:2B:3C:4D:7N
Rita Pereira,rita.pereira@email.com,rita_pereira,senha2233,192.168.1.63,00:1A:2B:3C:4D:7O
Viviane Santos,viviane.santos@email.com,viviane_santos,senha4455,192.168.1.64,00:1A:2B:3C:4D:7P
Cássio Costa,cassio.costa@email.com,cassio_costa,senha6677,192.168.1.65,00:1A:2B:3C:4D:7Q
Bruna Almeida,bruna.almeida@email.com,bruna_almeida,senha8899,192.168.1.66,00:1A:2B:3C:4D:7R
Diego Ferreira,diego.ferreira@email.com,diego_ferreira,senha1122,192.168.1.67,00:1A:2B:3C:4D:7S
Tânia Silva,tania.silva@email.com,tania_silva,senha3344,192.168.1.68,00:1A:2B:3C:4D:7T
Felipe Almeida,felipe.almeida@email.com,felipe_almeida,senha5566,192.168.1.69,00:1A:2B:3C:4D:7U
Mariana Ferreira,mariana.ferreira@email.com,mariana_ferreira,senha7788,192.168.1.70,00:1A:2B:3C:4D:7V
Sérgio Costa,sergio.costa@email.com,sergio_costa,senha9900,192.168.1.71,00:1A:2B:3C:4D:7W
Tatiane Almeida,tatiane.almeida@email.com,tatiane_almeida,senha2233,192.168.1.72,00:1A:2B:3C:4D:7X
Andréia Silva,andreia.silva@email.com,andreia_silva,senha4455,192.168.1.73,00:1A:2B:3C:4D:7Y
Marcelo Costa,marcelo.costa@email.com,marcelo_costa,senha6677,192.168.1.74,00:1A:2B:3C:4D:7Z
Tatiane Pereira,tatiane.pereira@email.com,tatiane_pereira,senha8899,192.168.1.75,00:1A:2B:3C:4D:8A
Jéssica Almeida,jessica.almeida@email.com,jessica_almeida,senha1122,192.168.1.76,00:1A:2B:3C:4D:8B
Henrique Silva,henrique.silva@email.com,henrique_silva,senha3344,192.168.1.77,00:1A:2B:3C:4D:8C
Nathalia Costa,nathalia.costa@email.com,nathalia_costa,senha5566,192.168.1.78,00:1A:2B:3C:4D:8D
Fernando Pereira,fernando.pereira@email.com,fernando_pereira,senha7788,192.168.1.79,00:1A:2B:3C:4D:8E
Mônica Almeida,monica.almeida@email.com,monica_almeida,senha9900,192.168.1.80,00:1A:2B:3C:4D:8F
Juliano Costa,juliano.costa@email.com,juliano_costa,senha2233,192.168.1.81,00:1A:2B:3C:4D:8G
Simone Silva,simone.silva@email.com,simone_silva,senha4455,192.168.1.82,00:1A:2B:3C:4D:8H
Roberta Pereira,roberta.pereira@email.com,roberta_pereira,senha6677,192.168.1.83,00:1A:2B:3C:4D:8I
Alan Almeida,alan.almeida@email.com,alan_almeida,senha8899,192.168.1.84,00:1A:2B:3C:4D:8J
Eliane Costa,eliane.costa@email.com,eliane_costa,senha1122,192.168.1.85,00:1A:2B:3C:4D:8K
Gisele Silva,gisele.silva@email.com,gisele_silva,senha3344,192.168.1.86,00:1A:2B:3C:4D:8L
Thiago Almeida,thiago.almeida@email.com,thiago_almeida,senha5566,192.168.1.87,00:1A:2B:3C:4D:8M
Tatiane Lima,tatiane.lima@email.com,tatiane_lima,senha7788,192.168.1.88,00:1A:2B:3C:4D:8N
Marcos Ferreira,marcos.ferreira@email.com,marcos_ferreira,senha9900,192.168.1.89,00:1A:2B:3C:4D:8O
Karine Santos,karine.santos@email.com,karine_santos,senha2233,192.168.1.90,00:1A:2B:3C:4D:8P
Rogério Almeida,rogerio.almeida@email.com,rogerio_almeida,senha4455,192.168.1.91,00:1A:2B:3C:4D:8Q
Cristiane Silva,cristiane.silva@email.com,cristiane_silva,senha6677,192.168.1.92,00:1A:2B:3C:4D:8R
Vinícius Costa,vinicius.costa@email.com,vinicius_costa,senha7788,192.168.1.93,00:1A:2B:3C:4D:8S
Marlene Pereira,marlene.pereira@email.com,marlene_pereira,senha9900,192.168.1.94,00:1A:2B:3C:4D:8T
Ricardo Almeida,ricardo.almeida@email.com,ricardo_almeida,senha1122,192.168.1.95,00:1A:2B:3C:4D:8U
Adriana Silva,adriana.silva@email.com,adriana_silva,senha3344,192.168.1.96,00:1A:2B:3C:4D:8V
Gustavo Ferreira,gustavo.ferreira@email.com,gustavo_ferreira,senha5566,192.168.1.97,00:1A:2B:3C:4D:8W
Silvia Almeida,silvia.almeida@email.com,silvia_almeida,senha7788,192.168.1.98,00:1A:2B:3C:4D:8X
Eduardo Costa,eduardo.costa@email.com,eduardo_costa,senha9900,192.168.1.99,00:1A:2B:3C:4D:8Y
Amanda Pereira,amanda.pereira@email.com,amanda_pereira,senha2233,192.168.1.100,00:1A:2B:3C:4D:8Z